id,price
3208,32971.47
3209,30424.85
3210,25244.45
3211,41649.97
3212,19578.26
3213,75434.58
3214,50870.55
3215,13839.89
3216,54934.85
3217,36496.96
3218,28176.0
3219,14703.13
3220,56777.57
3221,155373.27
3222,15662.98
3223,130693.36
3224,45729.12
3225,22623.68
3226,56563.33
3227,50248.31
3228,29334.4
3229,22499.16
3230,7184.77
3231,64962.45
3232,47852.41
3233,28011.67
3234,53662.5
3235,21147.77
3236,31064.27
3237,8089.96
3238,9782.72
3239,18842.88
3240,30415.92
3241,94352.57
3242,20140.0
3243,27576.46
3244,16135.54
3245,32756.53
3246,8787.96
3247,117395.98
3248,44840.37
3249,30945.79
3250,11683.13
3251,40709.04
3252,61735.25
3253,62555.23
3254,33352.99
3255,28821.14
3256,23969.21
3257,18040.6
3258,21238.04
3259,29618.44
3260,18614.47
3261,59017.4
3262,29834.38
3263,41345.57
3264,16872.26
3265,19075.24
3266,51901.59
3267,19039.92
3268,68464.88
3269,25001.48
3270,27738.09
3271,7505.29
3272,57504.71
3273,42992.13
3274,18942.46
3275,28892.66
3276,11741.64
3277,31750.67
3278,39847.02
3279,35330.46
3280,64239.55
3281,6561.05
3282,39868.31
3283,16326.21
3284,35515.74
3285,20386.85
3286,23227.51
3287,86690.18
3288,50985.89
3289,65651.31
3290,51529.54
3291,31334.57
3292,35821.95
3293,65082.59
3294,34490.04
3295,17319.02
3296,144868.01
3297,18926.27
3298,30596.66
3299,18093.79
3300,9515.0
3301,36940.29
3302,23722.77
3303,22417.52
3304,63364.03
3305,35584.84
3306,127863.24
3307,12627.46
3308,46581.83
3309,21173.56
3310,13734.04
3311,13492.44
3312,30534.15
3313,52307.24
3314,23096.32
3315,51832.88
3316,23102.02
3317,37764.33
3318,15065.4
3319,24965.6
3320,15697.63
3321,56155.73
3322,11715.03
3323,18536.32
3324,14283.64
3325,33714.61
3326,49115.24
3327,7199.66
3328,55923.16
3329,22498.26
3330,88652.18
3331,20317.62
3332,30876.17
3333,50167.22
3334,7561.56
3335,10687.63
3336,9690.95
3337,25391.08
3338,27179.98
3339,176807.08
3340,7324.99
3341,44449.0
3342,39171.69
3343,14506.33
3344,38688.2
3345,93320.97
3346,35146.49
3347,11907.48
3348,134876.93
3349,11960.11
3350,8506.04
3351,48099.53
3352,15818.24
3353,20485.96
3354,19036.05
3355,46513.52
3356,38829.24
3357,99268.54
3358,46383.33
3359,79128.15
3360,30045.82
3361,72277.22
3362,59331.05
3363,41333.07
3364,8345.86
3365,17333.5
3366,36148.15
3367,14652.44
3368,56237.14
3369,35470.11
3370,121477.29
3371,8543.99
3372,34131.79
3373,22137.44
3374,49906.82
3375,21768.78
3376,19781.35
3377,6441.24
3378,57352.84
3379,35870.54
3380,40548.52
3381,51772.06
3382,16722.4
3383,6750.74
3384,7856.8
3385,28807.12
3386,44507.31
3387,33685.32
3388,18443.51
3389,27088.32
3390,30138.0
3391,54529.91
3392,73204.47
3393,15045.54
3394,10092.0
3395,32846.34
3396,11010.44
3397,29707.66
3398,32351.65
3399,113175.49
3400,9548.93
3401,12075.86
3402,20552.18
3403,28142.34
3404,44211.94
3405,12184.17
3406,32159.76
3407,31744.57
3408,19470.8
3409,36447.88
3410,35059.62
3411,60192.66
3412,19204.17
3413,42888.21
3414,13286.28
3415,12052.97
3416,18901.96
3417,42329.97
3418,46659.61
3419,24849.48
3420,36062.31
3421,52685.37
3422,10057.13
3423,40748.25
3424,17685.18
3425,176064.82
3426,12086.77
3427,46756.81
3428,38259.35
3429,13048.17
3430,12886.55
3431,90752.84
3432,30002.3
3433,38024.66
3434,28639.63
3435,38003.12
3436,30889.54
3437,16099.47
3438,18618.66
3439,25950.55
3440,45002.41
3441,88894.73
3442,26787.74
3443,49885.01
3444,30408.8
3445,22989.15
3446,78244.99
3447,38393.19
3448,8423.91
3449,51424.25
3450,11358.62
3451,40167.93
3452,52405.2
3453,20678.49
3454,10088.7
3455,11254.44
3456,58055.46
3457,10634.24
3458,55433.28
3459,29698.48
3460,180694.28
3461,48769.66
3462,49927.66
3463,17950.57
3464,6725.47
3465,31758.35
3466,34010.6
3467,137568.92
3468,19009.56
3469,69520.44
3470,33590.17
3471,12743.04
3472,40190.78
3473,88862.83
3474,48580.46
3475,32338.13
3476,31031.97
3477,66802.62
3478,38430.28
3479,38941.3
3480,23589.45
3481,26125.26
3482,76979.04
3483,9172.82
3484,204929.48
3485,34946.85
3486,47865.15
3487,47289.97
3488,4665.64
3489,43057.73
3490,10138.22
3491,62348.0
3492,11293.95
3493,61503.25
3494,69504.08
3495,12744.16
3496,40587.34
3497,22017.26
3498,30482.59
3499,56989.71
3500,47960.04
3501,32892.66
3502,36287.09
3503,48818.1
3504,37019.73
3505,13500.34
3506,51379.85
3507,69013.17
3508,47969.66
3509,21826.66
3510,39158.54
3511,27716.02
3512,29707.74
3513,19660.46
3514,46063.87
3515,43867.22
3516,35435.84
3517,33259.64
3518,34582.28
3519,66365.74
3520,34042.37
3521,45531.37
3522,53989.51
3523,51665.54
3524,25654.22
3525,11234.05
3526,16208.87
3527,101434.7
3528,80946.86
3529,55583.13
3530,38839.67
3531,41514.44
3532,145643.09
3533,23880.11
3534,53902.59
3535,27589.63
3536,17455.67
3537,10545.93
3538,25272.76
3539,21099.2
3540,46980.97
3541,44586.92
3542,38234.04
3543,36868.95
3544,37801.37
3545,9456.79
3546,18267.13
3547,10618.6
3548,46756.51
3549,44719.42
3550,13532.15
3551,120679.52
3552,44059.85
3553,67648.6
3554,159398.91
3555,17408.32
3556,26083.35
3557,32844.81
3558,205490.44
3559,20416.55
3560,62637.28
3561,32277.8
3562,26827.02
3563,113150.81
3564,31009.59
3565,170038.31
3566,31041.75
3567,69547.11
3568,40659.16
3569,144610.64
3570,14126.05
3571,65510.25
3572,28187.21
3573,5989.81
3574,28927.66
3575,17833.91
3576,19763.49
3577,16308.38
3578,85693.2
3579,41368.94
3580,27423.54
3581,36462.32
3582,31190.05
3583,61331.46
3584,16938.32
3585,47267.83
3586,15030.43
3587,15000.37
3588,7840.59
3589,41914.53
3590,21602.48
3591,86446.71
3592,38235.87
3593,91931.24
3594,56105.32
3595,22642.68
3596,39014.89
3597,33392.5
3598,32518.2
3599,56532.83
3600,5320.62
3601,26930.14
3602,33788.3
3603,30034.01
3604,55071.44
3605,18991.16
3606,29577.03
3607,22204.97
3608,30189.7
3609,7723.59
3610,17115.67
3611,13847.93
3612,14950.34
3613,52864.28
3614,21921.38
3615,29657.29
3616,27279.24
3617,110435.19
3618,22149.44
3619,32624.53
3620,46146.34
3621,40401.03
3622,39111.65
3623,73587.11
3624,12614.85
3625,173106.9
3626,30268.44
3627,55795.22
3628,13921.5
3629,56574.11
3630,32461.12
3631,10481.41
3632,13734.09
3633,45016.75
3634,7244.19
3635,55240.01
3636,37465.19
3637,48496.21
3638,11338.9
3639,37771.78
3640,91737.16
3641,35708.36
3642,10673.33
3643,15728.66
3644,39316.83
3645,52554.62
3646,36548.66
3647,45883.51
3648,34421.87
3649,49759.19
3650,48709.23
3651,10791.58
3652,55398.94
3653,21451.93
3654,15161.44
3655,68278.52
3656,37136.07
3657,26610.49
3658,27626.81
3659,186271.35
3660,47669.31
3661,17670.92
3662,40694.04
3663,61978.3
3664,46729.24
3665,37887.7
3666,18191.17
3667,31618.9
3668,9916.09
3669,36683.22
3670,39653.83
3671,159521.25
3672,69411.27
3673,73434.74
3674,34996.1
3675,15110.29
3676,6292.21
3677,26356.14
3678,33976.1
3679,61605.11
3680,41770.16
3681,55331.7
3682,41044.17
3683,32565.38
3684,36276.87
3685,44648.17
3686,45493.1
3687,64593.4
3688,27520.45
3689,61883.17
3690,71670.57
3691,9154.19
3692,25852.95
3693,36112.62
3694,63789.93
3695,40646.16
3696,7729.77
3697,139629.23
3698,49895.15
3699,117822.48
3700,44771.53
3701,44308.48
3702,62739.21
3703,22149.14
3704,10082.76
3705,60314.82
3706,33596.29
3707,42945.46
3708,56438.26
3709,51311.04
3710,16913.23
3711,20186.23
3712,90884.84
3713,40790.58
3714,15436.59
3715,39923.52
3716,14495.13
3717,75843.39
3718,30639.1
3719,37856.48
3720,109628.22
3721,50454.9
3722,39699.11
3723,43167.64
3724,16940.02
3725,34895.1
3726,54126.43
3727,35269.71
3728,37449.91
3729,39772.08
3730,34145.93
3731,32895.75
3732,17374.35
3733,49461.05
3734,53108.14
3735,28707.53
3736,23985.39
3737,12759.85
3738,59251.86
3739,87530.29
3740,52961.39
3741,44964.46
3742,83143.19
3743,6093.98
3744,42002.48
3745,21806.18
3746,6433.77
3747,14652.35
3748,44189.82
3749,28240.35
3750,68407.61
3751,89455.43
3752,31568.94
3753,10075.06
3754,44668.98
3755,42234.62
3756,42891.43
3757,42047.01
3758,38188.76
3759,31401.22
3760,27883.69
3761,162771.33
3762,52900.66
3763,14936.93
3764,45207.12
3765,15122.69
3766,15263.99
3767,50989.54
3768,28918.37
3769,90857.56
3770,52027.02
3771,41872.44
3772,16530.49
3773,74423.49
3774,25035.65
3775,54532.26
3776,73762.86
3777,15167.19
3778,205319.31
3779,49503.17
3780,42710.92
3781,57265.5
3782,26422.0
3783,46213.46
3784,34944.65
3785,31739.2
3786,46545.68
3787,52476.16
3788,45096.59
3789,72263.68
3790,45773.26
3791,50915.71
3792,30515.52
3793,193148.15
3794,12664.77
3795,10306.82
3796,14082.95
3797,18611.55
3798,48883.33
3799,28649.51
3800,9129.77
3801,83486.98
3802,9498.07
3803,40348.71
3804,16588.13
3805,13999.0
3806,12673.07
3807,9149.87
3808,11445.16
3809,24418.97
3810,11427.52
3811,25318.38
3812,23461.08
3813,25925.63
3814,58636.0
3815,15315.7
3816,30911.75
3817,45970.04
3818,14966.0
3819,24702.5
3820,25801.13
3821,26139.23
3822,6876.59
3823,64033.21
3824,40499.29
3825,40210.57
3826,58392.47
3827,19267.68
3828,49006.52
3829,41287.26
3830,83151.88
3831,65098.13
3832,34175.59
3833,39183.2
3834,22605.37
3835,12804.45
3836,26567.32
3837,33518.32
3838,31301.32
3839,43825.75
3840,8131.07
3841,13828.5
3842,167494.08
3843,22461.41
3844,84773.18
3845,17098.37
3846,14988.16
3847,23665.45
3848,8566.24
3849,38536.96
3850,35028.99
3851,10530.95
3852,12961.33
3853,24921.88
3854,24012.06
3855,7475.85
3856,55533.9
3857,50208.2
3858,43919.52
3859,8761.7
3860,14188.42
3861,38327.85
3862,6394.66
3863,16268.4
3864,44344.86
3865,7346.57
3866,36174.83
3867,110509.84
3868,59097.56
3869,80771.13
3870,36050.99
3871,31827.24
3872,34570.93
3873,56437.42
3874,60594.08
3875,93623.01
3876,34649.33
3877,16257.96
3878,19034.49
3879,41425.54
3880,26167.58
3881,58480.26
3882,15710.52
3883,19454.68
3884,181235.95
3885,73560.7
3886,27133.7
3887,25865.22
3888,20100.81
3889,12143.69
3890,14293.28
3891,30132.66
3892,55393.74
3893,42240.43
3894,48668.56
3895,20837.56
3896,148718.45
3897,18034.79
3898,9391.64
3899,16318.76
3900,57140.78
3901,30854.42
3902,42452.45
3903,112118.12
3904,41280.67
3905,33015.21
3906,19977.49
3907,32560.47
3908,10383.76
3909,17628.36
3910,23205.61
3911,22575.38
3912,11954.11
3913,14263.7
3914,33162.04
3915,127537.54
3916,59924.24
3917,63089.42
3918,32789.17
3919,23885.58
3920,13729.86
3921,151005.97
3922,90533.28
3923,20971.97
3924,33342.67
3925,29704.36
3926,33870.87
3927,26798.4
3928,25227.6
3929,21797.09
3930,7527.5
3931,18466.4
3932,34467.91
3933,33021.73
3934,207186.65
3935,51452.74
3936,104212.92
3937,13818.39
3938,41019.18
3939,35140.2
3940,23591.26
3941,20226.31
3942,46379.1
3943,48956.53
3944,93562.32
3945,40395.85
3946,19523.18
3947,90704.57
3948,43977.15
3949,26738.88
3950,11218.37
3951,5726.18
3952,27939.7
3953,46715.86
3954,24210.38
3955,43781.22
3956,10267.48
3957,84023.0
3958,84408.85
3959,19876.4
3960,70964.1
3961,68447.55
3962,5747.17
3963,50428.06
3964,18073.26
3965,9389.95
3966,9713.23
3967,176835.08
3968,23621.59
3969,35326.36
3970,51596.18
3971,69776.78
3972,16317.55
3973,24098.79
3974,89181.02
3975,6130.77
3976,26677.0
3977,36427.83
3978,72392.15
3979,25714.95
3980,11166.92
3981,52578.8
3982,32529.6
3983,25739.68
3984,39892.24
3985,69545.32
3986,54362.35
3987,47401.93
3988,55617.49
3989,48061.32
3990,24006.38
3991,35896.01
3992,19878.49
3993,27363.77
3994,31349.49
3995,21141.24
3996,10221.93
3997,27990.19
3998,26594.42
3999,40274.08
4000,62398.83
4001,50867.19
4002,33179.16
4003,7756.16
4004,58775.33
4005,11484.67
4006,7839.69
4007,13761.26
4008,41745.84
4009,30013.03
